condition,model,cohort,n,events,c_index,selected_features
original_radiomics,radiomics,LUNG1_all,397,353,0.594324514348211,base__originalngtdmbusyness;base__wavelethlhfirstorderenergy;base__wavelethlhfirstordertotalenergy;base__wavelethhlfirstorderenergy;base__wavelethhhfirstorderenergy
original_radiomics,age_sex,LUNG1_all,397,353,0.5985104942450914,base__originalngtdmbusyness;base__wavelethlhfirstorderenergy;base__wavelethlhfirstordertotalenergy;base__wavelethhlfirstorderenergy;base__wavelethhhfirstorderenergy
original_radiomics,radiomics,LUNG2_validation,113,44,0.5737849779086892,base__originalngtdmbusyness;base__wavelethlhfirstorderenergy;base__wavelethlhfirstordertotalenergy;base__wavelethhlfirstorderenergy;base__wavelethhhfirstorderenergy
original_radiomics,age_sex,LUNG2_validation,113,44,0.5905743740795287,base__originalngtdmbusyness;base__wavelethlhfirstorderenergy;base__wavelethlhfirstordertotalenergy;base__wavelethhlfirstorderenergy;base__wavelethhhfirstorderenergy
inner_ring_physical2mm,radiomics,LUNG1_all,397,353,0.5829514087807927,inner_ring__wavelet-HLH_gldm_DependenceNonUniformity;inner_ring__wavelet-HHL_gldm_DependenceNonUniformity;inner_ring__wavelet-HLH_glszm_SizeZoneNonUniformity;inner_ring__wavelet-HLH_firstorder_Energy;inner_ring__wavelet-HHH_glszm_GrayLevelNonUniformity
inner_ring_physical2mm,age_sex,LUNG1_all,397,353,0.5935758554241967,inner_ring__wavelet-HLH_gldm_DependenceNonUniformity;inner_ring__wavelet-HHL_gldm_DependenceNonUniformity;inner_ring__wavelet-HLH_glszm_SizeZoneNonUniformity;inner_ring__wavelet-HLH_firstorder_Energy;inner_ring__wavelet-HHH_glszm_GrayLevelNonUniformity
inner_ring_physical2mm,radiomics,LUNG2_validation,113,44,0.6047128129602356,inner_ring__wavelet-HLH_gldm_DependenceNonUniformity;inner_ring__wavelet-HHL_gldm_DependenceNonUniformity;inner_ring__wavelet-HLH_glszm_SizeZoneNonUniformity;inner_ring__wavelet-HLH_firstorder_Energy;inner_ring__wavelet-HHH_glszm_GrayLevelNonUniformity
inner_ring_physical2mm,age_sex,LUNG2_validation,113,44,0.6303387334315169,inner_ring__wavelet-HLH_gldm_DependenceNonUniformity;inner_ring__wavelet-HHL_gldm_DependenceNonUniformity;inner_ring__wavelet-HLH_glszm_SizeZoneNonUniformity;inner_ring__wavelet-HLH_firstorder_Energy;inner_ring__wavelet-HHH_glszm_GrayLevelNonUniformity
inner_core_physical2mm,radiomics,LUNG1_all,397,353,0.6122467579813551,inner_core__wavelet-LHH_glcm_Correlation;inner_core__wavelet-LHL_firstorder_Skewness;inner_core__wavelet-HHH_glcm_MCC;inner_core__wavelet-HLH_firstorder_Energy;inner_core__wavelet-HLL_glszm_SizeZoneNonUniformity
inner_core_physical2mm,age_sex,LUNG1_all,397,353,0.6174287797510546,inner_core__wavelet-LHH_glcm_Correlation;inner_core__wavelet-LHL_firstorder_Skewness;inner_core__wavelet-HHH_glcm_MCC;inner_core__wavelet-HLH_firstorder_Energy;inner_core__wavelet-HLL_glszm_SizeZoneNonUniformity
inner_core_physical2mm,radiomics,LUNG2_validation,113,44,0.5770250368188512,inner_core__wavelet-LHH_glcm_Correlation;inner_core__wavelet-LHL_firstorder_Skewness;inner_core__wavelet-HHH_glcm_MCC;inner_core__wavelet-HLH_firstorder_Energy;inner_core__wavelet-HLL_glszm_SizeZoneNonUniformity
inner_core_physical2mm,age_sex,LUNG2_validation,113,44,0.6023564064801178,inner_core__wavelet-LHH_glcm_Correlation;inner_core__wavelet-LHL_firstorder_Skewness;inner_core__wavelet-HHH_glcm_MCC;inner_core__wavelet-HLH_firstorder_Energy;inner_core__wavelet-HLL_glszm_SizeZoneNonUniformity
outer_ring_physical2mm,radiomics,LUNG1_all,397,353,0.6023123795635644,outer_ring__wavelet-LHH_glcm_Idn;outer_ring__wavelet-HLL_firstorder_Kurtosis;outer_ring__wavelet-HLH_glszm_SizeZoneNonUniformity;outer_ring__wavelet-HHH_glszm_SizeZoneNonUniformity;outer_ring__wavelet-HLH_firstorder_Energy
outer_ring_physical2mm,age_sex,LUNG1_all,397,353,0.6071428571428571,outer_ring__wavelet-LHH_glcm_Idn;outer_ring__wavelet-HLL_firstorder_Kurtosis;outer_ring__wavelet-HLH_glszm_SizeZoneNonUniformity;outer_ring__wavelet-HHH_glszm_SizeZoneNonUniformity;outer_ring__wavelet-HLH_firstorder_Energy
outer_ring_physical2mm,radiomics,LUNG2_validation,113,44,0.5946980854197349,outer_ring__wavelet-LHH_glcm_Idn;outer_ring__wavelet-HLL_firstorder_Kurtosis;outer_ring__wavelet-HLH_glszm_SizeZoneNonUniformity;outer_ring__wavelet-HHH_glszm_SizeZoneNonUniformity;outer_ring__wavelet-HLH_firstorder_Energy
outer_ring_physical2mm,age_sex,LUNG2_validation,113,44,0.6170839469808542,outer_ring__wavelet-LHH_glcm_Idn;outer_ring__wavelet-HLL_firstorder_Kurtosis;outer_ring__wavelet-HLH_glszm_SizeZoneNonUniformity;outer_ring__wavelet-HHH_glszm_SizeZoneNonUniformity;outer_ring__wavelet-HLH_firstorder_Energy
inner_ring_physical3mm,radiomics,LUNG1_all,397,353,0.5852820165616374,inner_ring__wavelet-HLH_firstorder_Energy;inner_ring__wavelet-HLH_glszm_SizeZoneNonUniformity;inner_ring__wavelet-HLH_firstorder_TotalEnergy;inner_ring__wavelet-HLH_gldm_DependenceNonUniformity;inner_ring__wavelet-HHL_gldm_DependenceNonUniformity
inner_ring_physical3mm,age_sex,LUNG1_all,397,353,0.5952424352898287,inner_ring__wavelet-HLH_firstorder_Energy;inner_ring__wavelet-HLH_glszm_SizeZoneNonUniformity;inner_ring__wavelet-HLH_firstorder_TotalEnergy;inner_ring__wavelet-HLH_gldm_DependenceNonUniformity;inner_ring__wavelet-HHL_gldm_DependenceNonUniformity
inner_ring_physical3mm,radiomics,LUNG2_validation,113,44,0.5970544918998527,inner_ring__wavelet-HLH_firstorder_Energy;inner_ring__wavelet-HLH_glszm_SizeZoneNonUniformity;inner_ring__wavelet-HLH_firstorder_TotalEnergy;inner_ring__wavelet-HLH_gldm_DependenceNonUniformity;inner_ring__wavelet-HHL_gldm_DependenceNonUniformity
inner_ring_physical3mm,age_sex,LUNG2_validation,113,44,0.6147275405007364,inner_ring__wavelet-HLH_firstorder_Energy;inner_ring__wavelet-HLH_glszm_SizeZoneNonUniformity;inner_ring__wavelet-HLH_firstorder_TotalEnergy;inner_ring__wavelet-HLH_gldm_DependenceNonUniformity;inner_ring__wavelet-HHL_gldm_DependenceNonUniformity
inner_core_physical3mm,radiomics,LUNG1_all,397,353,0.5793969064111244,inner_core__wavelet-HHH_firstorder_Energy;inner_core__wavelet-HLL_glszm_SizeZoneNonUniformity;inner_core__wavelet-HHL_firstorder_Energy;inner_core__wavelet-HLH_firstorder_Energy;inner_core__wavelet-HHH_firstorder_TotalEnergy
inner_core_physical3mm,age_sex,LUNG1_all,397,353,0.5894745065361179,inner_core__wavelet-HHH_firstorder_Energy;inner_core__wavelet-HLL_glszm_SizeZoneNonUniformity;inner_core__wavelet-HHL_firstorder_Energy;inner_core__wavelet-HLH_firstorder_Energy;inner_core__wavelet-HHH_firstorder_TotalEnergy
inner_core_physical3mm,radiomics,LUNG2_validation,113,44,0.5503681885125185,inner_core__wavelet-HHH_firstorder_Energy;inner_core__wavelet-HLL_glszm_SizeZoneNonUniformity;inner_core__wavelet-HHL_firstorder_Energy;inner_core__wavelet-HLH_firstorder_Energy;inner_core__wavelet-HHH_firstorder_TotalEnergy
inner_core_physical3mm,age_sex,LUNG2_validation,113,44,0.587039764359352,inner_core__wavelet-HHH_firstorder_Energy;inner_core__wavelet-HLL_glszm_SizeZoneNonUniformity;inner_core__wavelet-HHL_firstorder_Energy;inner_core__wavelet-HLH_firstorder_Energy;inner_core__wavelet-HHH_firstorder_TotalEnergy
outer_ring_physical3mm,radiomics,LUNG1_all,397,353,0.5967657934482579,outer_ring__wavelet-HHH_glszm_GrayLevelNonUniformityNormalized;outer_ring__wavelet-HLH_firstorder_Median;outer_ring__wavelet-HLH_glszm_SizeZoneNonUniformity;outer_ring__wavelet-HLH_firstorder_Energy;outer_ring__wavelet-HHL_glcm_Imc2
outer_ring_physical3mm,age_sex,LUNG1_all,397,353,0.6017264725795531,outer_ring__wavelet-HHH_glszm_GrayLevelNonUniformityNormalized;outer_ring__wavelet-HLH_firstorder_Median;outer_ring__wavelet-HLH_glszm_SizeZoneNonUniformity;outer_ring__wavelet-HLH_firstorder_Energy;outer_ring__wavelet-HHL_glcm_Imc2
outer_ring_physical3mm,radiomics,LUNG2_validation,113,44,0.5622974963181149,outer_ring__wavelet-HHH_glszm_GrayLevelNonUniformityNormalized;outer_ring__wavelet-HLH_firstorder_Median;outer_ring__wavelet-HLH_glszm_SizeZoneNonUniformity;outer_ring__wavelet-HLH_firstorder_Energy;outer_ring__wavelet-HHL_glcm_Imc2
outer_ring_physical3mm,age_sex,LUNG2_validation,113,44,0.5743740795287187,outer_ring__wavelet-HHH_glszm_GrayLevelNonUniformityNormalized;outer_ring__wavelet-HLH_firstorder_Median;outer_ring__wavelet-HLH_glszm_SizeZoneNonUniformity;outer_ring__wavelet-HLH_firstorder_Energy;outer_ring__wavelet-HHL_glcm_Imc2
inner_ring_physical5mm,radiomics,LUNG1_all,397,353,0.6031456694963804,inner_ring__wavelet-HLH_firstorder_Energy;inner_ring__wavelet-HLH_glszm_SizeZoneNonUniformity;inner_ring__wavelet-HLH_firstorder_TotalEnergy;inner_ring__wavelet-HLH_gldm_DependenceNonUniformity;inner_ring__wavelet-LHL_firstorder_Skewness
inner_ring_physical5mm,age_sex,LUNG1_all,397,353,0.6042784229988022,inner_ring__wavelet-HLH_firstorder_Energy;inner_ring__wavelet-HLH_glszm_SizeZoneNonUniformity;inner_ring__wavelet-HLH_firstorder_TotalEnergy;inner_ring__wavelet-HLH_gldm_DependenceNonUniformity;inner_ring__wavelet-LHL_firstorder_Skewness
inner_ring_physical5mm,radiomics,LUNG2_validation,113,44,0.6106038291605302,inner_ring__wavelet-HLH_firstorder_Energy;inner_ring__wavelet-HLH_glszm_SizeZoneNonUniformity;inner_ring__wavelet-HLH_firstorder_TotalEnergy;inner_ring__wavelet-HLH_gldm_DependenceNonUniformity;inner_ring__wavelet-LHL_firstorder_Skewness
inner_ring_physical5mm,age_sex,LUNG2_validation,113,44,0.6332842415316642,inner_ring__wavelet-HLH_firstorder_Energy;inner_ring__wavelet-HLH_glszm_SizeZoneNonUniformity;inner_ring__wavelet-HLH_firstorder_TotalEnergy;inner_ring__wavelet-HLH_gldm_DependenceNonUniformity;inner_ring__wavelet-LHL_firstorder_Skewness
inner_core_physical5mm,radiomics,LUNG1_all,397,353,0.5834331545232019,inner_core__wavelet-HLL_glszm_SizeZoneNonUniformity;inner_core__wavelet-LHH_glrlm_LongRunHighGrayLevelEmphasis;inner_core__wavelet-HHL_glrlm_RunLengthNonUniformity;inner_core__wavelet-HHH_glrlm_RunLengthNonUniformity;inner_core__wavelet-LHH_glszm_SmallAreaHighGrayLevelEmphasis
inner_core_physical5mm,age_sex,LUNG1_all,397,353,0.5986667361074944,inner_core__wavelet-HLL_glszm_SizeZoneNonUniformity;inner_core__wavelet-LHH_glrlm_LongRunHighGrayLevelEmphasis;inner_core__wavelet-HHL_glrlm_RunLengthNonUniformity;inner_core__wavelet-HHH_glrlm_RunLengthNonUniformity;inner_core__wavelet-LHH_glszm_SmallAreaHighGrayLevelEmphasis
inner_core_physical5mm,radiomics,LUNG2_validation,113,44,0.5670103092783505,inner_core__wavelet-HLL_glszm_SizeZoneNonUniformity;inner_core__wavelet-LHH_glrlm_LongRunHighGrayLevelEmphasis;inner_core__wavelet-HHL_glrlm_RunLengthNonUniformity;inner_core__wavelet-HHH_glrlm_RunLengthNonUniformity;inner_core__wavelet-LHH_glszm_SmallAreaHighGrayLevelEmphasis
inner_core_physical5mm,age_sex,LUNG2_validation,113,44,0.5864506627393226,inner_core__wavelet-HLL_glszm_SizeZoneNonUniformity;inner_core__wavelet-LHH_glrlm_LongRunHighGrayLevelEmphasis;inner_core__wavelet-HHL_glrlm_RunLengthNonUniformity;inner_core__wavelet-HHH_glrlm_RunLengthNonUniformity;inner_core__wavelet-LHH_glszm_SmallAreaHighGrayLevelEmphasis
outer_ring_physical5mm,radiomics,LUNG1_all,397,353,0.6058017811572314,outer_ring__wavelet-LHH_glcm_Idmn;outer_ring__wavelet-LHH_glcm_Idn;outer_ring__wavelet-HLH_glszm_SizeZoneNonUniformity;outer_ring__wavelet-LHH_firstorder_Maximum;outer_ring__wavelet-HHL_gldm_DependenceNonUniformity
outer_ring_physical5mm,age_sex,LUNG1_all,397,353,0.6089656788708921,outer_ring__wavelet-LHH_glcm_Idmn;outer_ring__wavelet-LHH_glcm_Idn;outer_ring__wavelet-HLH_glszm_SizeZoneNonUniformity;outer_ring__wavelet-LHH_firstorder_Maximum;outer_ring__wavelet-HHL_gldm_DependenceNonUniformity
outer_ring_physical5mm,radiomics,LUNG2_validation,113,44,0.6044182621502209,outer_ring__wavelet-LHH_glcm_Idmn;outer_ring__wavelet-LHH_glcm_Idn;outer_ring__wavelet-HLH_glszm_SizeZoneNonUniformity;outer_ring__wavelet-LHH_firstorder_Maximum;outer_ring__wavelet-HHL_gldm_DependenceNonUniformity
outer_ring_physical5mm,age_sex,LUNG2_validation,113,44,0.6297496318114875,outer_ring__wavelet-LHH_glcm_Idmn;outer_ring__wavelet-LHH_glcm_Idn;outer_ring__wavelet-HLH_glszm_SizeZoneNonUniformity;outer_ring__wavelet-LHH_firstorder_Maximum;outer_ring__wavelet-HHL_gldm_DependenceNonUniformity
